{"cameraMode":{"drawMode":0,"name":"Shaded","section":"Shading Mode"},"sceneLighting":false,"audioPlay":false,"sceneViewState":{"showFog":true,"showMaterialUpdate":false,"showSkybox":true,"showFlares":true,"showImageEffects":true,"showParticleSystems":true},"in2DMode":false,"pivot":{"x":2.2339999675750734,"y":0.8506618738174439,"z":-0.03999999165534973},"rotation":{"x":-0.36815154552459719,"y":0.19717106223106385,"z":-0.08020210266113281,"w":-0.9050722122192383},"size":3.3969504833221437,"orthographic":false}