{"cameraMode":{"drawMode":0,"name":"Shaded","section":"Shading Mode"},"sceneLighting":false,"audioPlay":false,"sceneViewState":{"showFog":true,"showMaterialUpdate":false,"showSkybox":true,"showFlares":true,"showImageEffects":true,"showParticleSystems":true},"in2DMode":false,"pivot":{"x":4.940000057220459,"y":0.859671413898468,"z":0.009999990463256836},"rotation":{"x":-0.36815154552459719,"y":0.19717106223106385,"z":-0.08020210266113281,"w":-0.9050722122192383},"size":3.4215610027313234,"orthographic":false}