{"cameraMode":{"drawMode":0,"name":"Shaded","section":"Shading Mode"},"sceneLighting":false,"audioPlay":false,"sceneViewState":{"showFog":true,"showMaterialUpdate":false,"showSkybox":true,"showFlares":true,"showImageEffects":true,"showParticleSystems":true},"in2DMode":false,"pivot":{"x":1.6000001430511475,"y":0.7531149387359619,"z":2.299999952316284},"rotation":{"x":-0.36815154552459719,"y":0.19717106223106385,"z":-0.08020210266113281,"w":-0.9050722122192383},"size":3.136176347732544,"orthographic":false}