{"cameraMode":{"drawMode":0,"name":"Shaded","section":"Shading Mode"},"sceneLighting":false,"audioPlay":false,"sceneViewState":{"showFog":true,"showMaterialUpdate":false,"showSkybox":true,"showFlares":true,"showImageEffects":true,"showParticleSystems":true},"in2DMode":false,"pivot":{"x":-1.6399999856948853,"y":0.6066802144050598,"z":0.05000004172325134},"rotation":{"x":-0.36815154552459719,"y":0.19717106223106385,"z":-0.08020210266113281,"w":-0.9050722122192383},"size":2.5943291187286379,"orthographic":false}