{"cameraMode":{"drawMode":0,"name":"Shaded","section":"Shading Mode"},"sceneLighting":false,"audioPlay":false,"sceneViewState":{"showFog":true,"showMaterialUpdate":false,"showSkybox":true,"showFlares":true,"showImageEffects":true,"showParticleSystems":true},"in2DMode":false,"pivot":{"x":4.019999980926514,"y":-28.99332046508789,"z":1.7100000381469727},"rotation":{"x":-0.36815154552459719,"y":0.19717106223106385,"z":-0.08020210266113281,"w":-0.9050722122192383},"size":2.5943286418914797,"orthographic":false}